client,url,label,viewports
Education Horizons (EHG/TES),https://www.educationhorizons.com/,Homepage,desktop|mobile
Universal Biosensors,https://universalbiosensors.com/,Homepage,desktop|mobile
Digital Treasury (DT),https://digitaltreasury.com.au/,Homepage,desktop|mobile
International Mowers,https://intmowers.com.au/,Homepage,desktop|mobile
Bromley's Bread,https://bromleysbread.com.au/,Homepage,desktop|mobile
Brimbank City Council,https://www.brimbank.vic.gov.au/,Homepage,desktop|mobile
AED Authority,https://aedauthority.com.au/,Homepage,desktop|mobile
Farm Cafe,https://farmcafe.com.au/,Homepage,desktop|mobile
MePACS,https://www.mepacs.com.au/,Homepage,desktop|mobile
Merkle Tree Capital,https://merkle.com.au/,Homepage,desktop|mobile
Common Ventures (WPay),https://wpay.io/,Homepage,desktop|mobile
Dawn Mowers,http://dawn.com.au/,Homepage,desktop|mobile
Primestone Wealth,https://primestonewealth.com.au/,Homepage,desktop|mobile
Bins4Blokes,https://bins4blokes.org.au/,Homepage,desktop|mobile
CFA Physiotherapy,https://cfaphysios.com.au/,Homepage,desktop|mobile
Pelvic Floor First,https://www.pelvicfloorfirst.org.au/,Homepage,desktop|mobile
Inconfidence,https://www.continence.org.au/,Homepage,desktop|mobile
Continence Health Australia - Go Against The Flow,https://www.goagainsttheflow.org.au/,Homepage,desktop|mobile
Kinetic IT,https://kineticit.com.au/,Homepage,desktop|mobile
Triton (Universal Biosensors) - Sentia,https://universalbiosensors.com/,Homepage,desktop|mobile
iHarvestCoWorking (Brimbank),https://iharvestcoworking.com.au/,Homepage,desktop|mobile
Sinclair Dermatology,https://www.sinclairdermatology.com.au/,Homepage,desktop|mobile
Macdonnells Law,https://macdonnells.com.au/,Homepage,desktop|mobile
VACL,https://vacl.org.au/,Homepage,desktop|mobile
The Battery Base,https://thebatterybase.com.au/,Homepage,desktop|mobile
